frame_id,yaw_deg,object_id,class,depth_m,occluded,truncated,n_object_points,n_inside_2d_box,inside_2d_box_pct
000019,0.0,0,Truck,5.46,1,0.74,7634,4862,63.68876080691643
000019,0.0,1,Car,9.72,0,0.0,1236,1236,100.0
000019,0.0,2,Van,35.34,0,0.0,106,106,100.0
000019,0.0,3,Car,59.59,0,0.0,19,19,100.0
000019,0.5,0,Truck,5.46,1,0.74,7634,4765,62.418129421011265
000019,0.5,1,Car,9.72,0,0.0,1236,1236,100.0
000019,0.5,2,Van,35.34,0,0.0,106,99,93.39622641509433
000019,0.5,3,Car,59.59,0,0.0,19,13,68.42105263157895
000019,1.0,0,Truck,5.46,1,0.74,7634,4683,61.34398742467907
000019,1.0,1,Car,9.72,0,0.0,1236,1226,99.19093851132686
000019,1.0,2,Van,35.34,0,0.0,106,78,73.58490566037736
000019,1.0,3,Car,59.59,0,0.0,19,6,31.57894736842105
000019,2.0,0,Truck,5.46,1,0.74,7634,4487,58.77652606759235
000019,2.0,1,Car,9.72,0,0.0,1236,1162,94.01294498381877
000019,2.0,2,Van,35.34,0,0.0,106,42,39.62264150943396
000019,2.0,3,Car,59.59,0,0.0,19,0,0.0
000019,3.0,0,Truck,5.46,1,0.74,7634,4283,56.104270369400055
000019,3.0,1,Car,9.72,0,0.0,1236,1098,88.83495145631068
000019,3.0,2,Van,35.34,0,0.0,106,13,12.264150943396226
000019,3.0,3,Car,59.59,0,0.0,19,0,0.0
000011,0.0,0,Pedestrian,12.42,1,0.0,151,150,99.33774834437087
000011,0.0,1,Pedestrian,13.43,2,0.0,35,35,100.0
000011,0.0,2,Car,26.64,0,0.0,208,208,100.0
000011,0.0,3,Pedestrian,34.08,0,0.0,40,40,100.0
000011,0.0,4,Car,4.13,0,0.98,3251,207,6.3672716087357735
000011,0.0,5,Pedestrian,15.95,0,0.0,81,81,100.0
000011,0.5,0,Pedestrian,12.42,1,0.0,151,141,93.37748344370861
000011,0.5,1,Pedestrian,13.43,2,0.0,35,35,100.0
000011,0.5,2,Car,26.64,0,0.0,208,199,95.67307692307692
000011,0.5,3,Pedestrian,34.08,0,0.0,40,21,52.5
000011,0.5,4,Car,4.13,0,0.98,3251,172,5.29067979083359
000011,0.5,5,Pedestrian,15.95,0,0.0,81,66,81.48148148148148
000011,1.0,0,Pedestrian,12.42,1,0.0,151,124,82.11920529801324
000011,1.0,1,Pedestrian,13.43,2,0.0,35,35,100.0
000011,1.0,2,Car,26.64,0,0.0,208,178,85.57692307692308
000011,1.0,3,Pedestrian,34.08,0,0.0,40,3,7.5
000011,1.0,4,Car,4.13,0,0.98,3251,140,4.306367271608735
000011,1.0,5,Pedestrian,15.95,0,0.0,81,28,34.5679012345679
000011,2.0,0,Pedestrian,12.42,1,0.0,151,44,29.13907284768212
000011,2.0,1,Pedestrian,13.43,2,0.0,35,21,60.0
000011,2.0,2,Car,26.64,0,0.0,208,127,61.05769230769231
000011,2.0,3,Pedestrian,34.08,0,0.0,40,0,0.0
000011,2.0,4,Car,4.13,0,0.98,3251,77,2.368501999384805
000011,2.0,5,Pedestrian,15.95,0,0.0,81,0,0.0
000011,3.0,0,Pedestrian,12.42,1,0.0,151,10,6.622516556291391
000011,3.0,1,Pedestrian,13.43,2,0.0,35,6,17.142857142857142
000011,3.0,2,Car,26.64,0,0.0,208,76,36.53846153846154
000011,3.0,3,Pedestrian,34.08,0,0.0,40,0,0.0
000011,3.0,4,Car,4.13,0,0.98,3251,22,0.676714856967087
000011,3.0,5,Pedestrian,15.95,0,0.0,81,0,0.0
000004,0.0,0,Car,38.26,0,0.0,77,77,100.0
000004,0.0,1,Car,51.17,0,0.0,26,26,100.0
000004,0.5,0,Car,38.26,0,0.0,77,75,97.40259740259741
000004,0.5,1,Car,51.17,0,0.0,26,22,84.61538461538461
000004,1.0,0,Car,38.26,0,0.0,77,65,84.41558441558442
000004,1.0,1,Car,51.17,0,0.0,26,17,65.38461538461539
000004,2.0,0,Car,38.26,0,0.0,77,47,61.03896103896104
000004,2.0,1,Car,51.17,0,0.0,26,9,34.61538461538461
000004,3.0,0,Car,38.26,0,0.0,77,21,27.272727272727273
000004,3.0,1,Car,51.17,0,0.0,26,0,0.0
