frame_id,yaw_deg,n_raw_points,n_finite_points,n_reference_points,n_paired_points,n_unprojectable_reference,median_displacement_px,p95_displacement_px,n_inside_fov,inside_fov_pct,n_object_points,n_object_inside_2d_box,object_inside_2d_box_pct,range_min_m,range_max_m
000019,0.0,115697,115697,18792,18792,0,0.0,0.0,18792,16.242426337761568,8995,6223,69.1828793774319,3.0,80.0
000019,0.5,115697,115697,18792,18792,0,7.365142870253512,10.644551831353134,18828,16.27354209702931,8995,6113,67.95997776542524,3.0,80.0
000019,1.0,115697,115697,18792,18792,0,14.727700466052102,21.271360366159985,18859,16.300336223065422,8995,5993,66.62590327959978,3.0,80.0
000019,2.0,115697,115697,18792,18792,0,29.44681824552684,42.525480573164124,18912,16.34614553532071,8995,5691,63.268482490272376,3.0,80.0
000019,3.0,115697,115697,18792,18792,0,44.14132495667809,63.73595311378808,18936,16.366889374832535,8995,5394,59.966648137854364,3.0,80.0
000011,0.0,108004,108004,19946,19946,0,0.0,0.0,19946,18.467834524647234,3766,721,19.144981412639407,3.0,80.0
000011,0.5,108004,108004,19946,19946,0,7.297467407571565,10.45835502970331,19946,18.467834524647234,3766,634,16.834838024429104,3.0,80.0
000011,1.0,108004,108004,19946,19946,0,14.600682148997125,20.90508089902362,19952,18.473389874449094,3766,508,13.489113117365905,3.0,80.0
000011,2.0,108004,108004,19946,19946,0,29.239152146605633,41.74253096068336,19963,18.48357468241917,3766,269,7.142857142857143,3.0,80.0
000011,3.0,108004,108004,19946,19946,0,43.8946075758088,62.52474575039625,19948,18.46968630791452,3766,114,3.0270844397238448,3.0,80.0
000004,0.0,115976,115976,19063,19063,0,0.0,0.0,19063,16.437021452714355,103,103,100.0,3.0,80.0
000004,0.5,115976,115976,19063,19063,0,7.3876647503890265,10.471711004393699,19053,16.428398979099125,103,97,94.1747572815534,3.0,80.0
000004,1.0,115976,115976,19063,19063,0,14.777831804030827,20.95055036033744,19032,16.41029178450714,103,82,79.6116504854369,3.0,80.0
000004,2.0,115976,115976,19063,19063,0,29.555608084257933,41.89241532981346,18975,16.361143684900323,103,56,54.36893203883495,3.0,80.0
000004,3.0,115976,115976,19063,19063,0,44.34092345340686,62.84386044343125,18965,16.352521211285094,103,21,20.388349514563107,3.0,80.0
